모듈,인수 없는 공개 실행 이름
Balance,Balance
Air,에어데이터_완전정리ll
KET_BEFORE_AFTER,KET이후값_업데이트_정렬
Pallet,스마트_파렛트_정밀정리000
Ship,선박정리거래처코드
Module12,부분합_추가열포함ㅣㅣ
Yeonhocheck,Run_Final_연호입고점검0000
Income,입고관리0
PARTIAL_2,부분합_기준2개_추가열포함
Module1,에어정리
YEONHO_INCOME_EXCEL,FillYeonhoReceiving_AllInOne_Fixed
FIND_COMPANY,거래처_조회기
BALANCE_ATONE,Balance_onetimeatall
STOCK,StockYES
BEFORE_AFTER,UpdateInventory_LayoutFixed
Module7,부분합_요약_생성_서식추가
FONT_CHANGER,Change_폰트
YEONHO_PLUS,연호입고llll재고포함
YEONHO_INCOME,연호입고ll
YEONHO_TABLE,연호거래명세
air_add,에어데이터_addll
Module15,연호입고_통합_수요일대응_철통보안
MASTER_CHANGER,자유자재_마스터_변환기
Module2,새판_쉬움
Module2,새판_보통
Module2,새판_어려움
YeonhoBanjang,CreatePerfectFinalInventoryList
YeonhoTablefine,연호거래명세_3열출력
AirPrint,Air_To_반장님
Module3,에어_원클릭_정리
LabelPa,MakePalletLabels
palletnaming,MakePalletLabels
PalletOne,파렛트_박스정리_생성
KETpalletmerge,파렛트_전체_품번합산
Module4,연호입고재고ll
Module5,Air_Up_생성
Module6,Air_서식_맞추기
Module8,KET_이번달발주
Module9,Air_Print_Grayscale
Module10,CF9_Fill_Active_Sheet
Module10,CF9_Install_One_Click_Button
Module11,StockYES_ByFactory
Module13,StockYES_Lookup
